0;0;0;0;land;false;mountain;0
1;230;81;119;land;true;plains;7
2;0;0;55;land;true;plains;1
3;0;0;205;land;true;plains;1
4;0;0;232;land;true;plains;0
5;0;2;240;land;true;plains;0
6;0;3;20;land;true;plains;6
7;0;3;170;land;true;plains;1
8;0;3;225;land;true;plains;1
9;0;4;248;land;true;plains;0
10;0;6;85;land;false;plains;1
11;0;6;135;land;false;plains;1
12;0;6;190;land;false;plains;6
13;0;8;244;land;false;plains;0
14;0;9;155;land;false;plains;1
15;0;9;200;land;false;plains;1
16;0;10;232;land;false;plains;0
17;0;12;15;land;true;plains;1
18;0;12;165;land;true;plains;1
19;0;12;240;land;true;plains;0
20;0;14;248;land;true;plains;0
21;0;15;80;land;false;plains;1
22;0;15;130;land;false;hills;1
23;0;15;185;land;true;plains;6
24;0;15;236;land;false;plains;0
25;0;17;244;land;false;plains;0
26;0;18;45;land;false;plains;1
27;0;18;150;land;true;plains;1
28;0;19;240;land;false;plains;0
29;0;20;248;land;false;plains;0
30;0;21;10;land;false;plains;1
31;0;21;65;land;false;plains;6
32;0;21;215;land;false;plains;1
33;0;22;236;land;false;plains;0
34;0;23;244;land;false;plains;0
35;0;24;30;land;true;plains;1
36;0;24;75;land;false;plains;1
37;0;24;180;land;true;plains;1
38;0;27;40;land;false;plains;1
39;0;27;95;land;false;plains;1
40;0;27;145;land;false;plains;1
41;0;27;248;land;false;plains;0
42;0;28;236;land;false;plains;0
43;0;29;244;land;true;plains;0
44;0;30;5;land;true;plains;1
45;0;30;60;land;false;plains;6
46;0;30;210;land;false;hills;1
47;0;31;232;land;false;plains;0
48;0;32;240;land;true;plains;0
49;0;33;25;land;false;plains;1
50;0;33;248;land;false;plains;0
51;0;34;236;land;false;plains;0
52;0;36;90;land;false;plains;1
53;0;36;195;land;false;plains;1
54;0;36;244;land;false;plains;0
55;0;37;232;land;false;plains;0
56;0;38;240;land;false;plains;0
57;0;39;55;land;false;plains;1
58;0;39;205;land;false;hills;1
59;0;39;248;land;true;plains;0
60;0;42;20;land;false;plains;1
61;0;42;170;land;true;plains;1
62;0;42;225;land;false;plains;1
63;0;45;85;land;false;plains;1
64;0;45;135;land;true;plains;1
65;0;45;190;land;true;plains;1
66;0;48;50;land;false;plains;1
67;0;48;155;land;false;plains;1
68;0;51;15;land;false;plains;1
69;0;51;70;land;false;plains;1
70;0;51;220;land;false;hills;1
71;0;54;35;land;false;plains;1
72;0;54;185;land;false;forest;1
73;0;57;0;land;false;plains;6
74;0;57;45;land;false;plains;1
75;0;57;150;land;true;plains;1
76;0;60;10;land;true;plains;1
77;0;60;65;land;false;plains;1
78;0;60;215;land;false;plains;7
79;0;63;30;land;false;hills;1
80;0;63;180;land;false;plains;1
81;0;66;95;land;false;plains;1
82;0;66;145;land;false;plains;1
83;0;66;200;land;false;forest;1
84;0;69;60;land;false;plains;6
85;0;69;165;land;true;plains;1
86;0;69;210;land;false;plains;1
87;0;72;25;land;false;plains;6
88;0;72;130;land;true;plains;6
89;0;72;175;land;true;plains;1
90;0;75;90;land;false;plains;1
91;0;75;140;land;true;plains;1
92;0;78;55;land;false;plains;1
93;0;78;160;land;false;plains;1
94;0;81;20;land;true;plains;1
95;0;81;75;land;true;plains;1
96;0;81;225;land;true;plains;6
97;0;84;40;land;true;plains;1
98;0;84;85;land;true;plains;1
99;0;84;190;land;true;plains;6
100;0;87;5;land;false;plains;1
101;0;87;50;land;true;plains;1
102;0;87;155;land;true;plains;1
103;0;90;15;land;true;plains;1
104;0;90;70;land;false;plains;1
105;0;90;220;land;true;plains;6
106;0;93;35;land;false;plains;1
107;0;93;185;land;false;plains;1
108;0;96;0;land;false;plains;6
109;0;96;150;land;false;plains;1
110;0;96;205;land;true;plains;1
111;0;99;65;land;false;plains;1
112;0;99;170;land;false;plains;6
113;0;102;30;land;false;plains;1
114;0;102;135;land;false;plains;1
115;0;105;95;land;false;plains;1
116;0;105;145;land;false;plains;1
117;0;105;200;land;false;plains;1
118;0;108;60;land;false;hills;1
119;0;108;165;land;false;plains;6
120;0;111;25;land;false;plains;1
121;0;111;80;land;false;plains;1
122;0;111;130;land;false;plains;1
123;0;114;45;land;false;plains;6
124;0;114;90;land;false;plains;1
125;0;114;195;land;false;plains;1
126;0;117;10;land;false;plains;1
127;0;117;55;land;false;plains;1
128;0;120;20;land;false;plains;1
129;0;120;75;land;false;plains;1
130;0;120;225;land;false;hills;1
131;0;123;40;land;true;plains;1
132;0;123;190;land;false;plains;1
133;0;126;5;land;false;plains;1
134;0;126;155;land;false;plains;1
135;0;126;210;land;false;plains;6
136;0;129;70;land;false;plains;1
137;0;129;175;land;false;plains;1
138;0;129;220;land;false;plains;1
139;0;132;35;land;false;plains;1
140;0;132;185;land;false;plains;1
141;0;135;0;land;true;plains;1
142;0;135;150;land;false;plains;1
143;0;135;205;land;true;plains;1
144;0;138;170;land;false;plains;1
145;0;141;30;land;false;plains;1
146;0;141;85;land;false;plains;6
147;0;144;50;land;false;plains;1
148;0;144;95;land;true;forest;1
149;0;144;200;land;true;plains;1
150;0;147;15;land;false;plains;1
151;0;147;60;land;true;plains;1
152;0;147;165;land;false;plains;1
153;0;150;25;land;false;plains;3
154;0;150;80;land;false;plains;6
155;0;150;130;land;true;plains;1
156;0;153;45;land;true;plains;1
157;0;153;195;land;false;plains;1
158;0;156;160;land;false;plains;1
159;0;156;215;land;true;plains;1
160;0;159;75;land;false;plains;1
161;0;159;180;land;false;plains;1
162;0;159;225;land;true;plains;1
163;0;162;40;land;false;plains;1
164;0;162;145;land;false;plains;1
165;0;162;190;land;false;plains;1
166;0;165;5;land;false;plains;1
167;0;165;155;land;false;plains;1
168;0;168;70;land;false;plains;1
169;0;168;175;land;false;plains;1
170;0;171;35;land;false;plains;1
171;0;171;90;land;false;plains;1
172;0;171;140;land;false;plains;1
173;0;174;0;land;false;plains;1
174;0;174;205;land;false;plains;1
175;0;177;20;land;false;plains;6
176;0;177;65;land;false;plains;1
177;0;177;170;land;false;plains;3
178;0;180;30;land;true;plains;1
179;0;180;85;land;false;plains;1
180;0;180;135;land;false;plains;1
181;0;183;50;land;false;forest;1
182;0;183;200;land;false;plains;1
183;0;186;15;land;false;plains;1
184;0;186;165;land;false;forest;1
185;0;186;220;land;false;forest;1
186;0;189;80;land;false;plains;6
187;0;189;185;land;false;plains;1
188;0;192;45;land;false;plains;1
189;0;192;150;land;false;plains;6
190;0;192;195;land;false;mountain;1
191;0;195;10;land;false;plains;5
192;0;195;160;land;false;plains;1
193;0;198;75;land;false;plains;1
194;0;198;180;land;true;plains;1
195;0;201;40;land;true;plains;1
196;0;201;145;land;false;plains;6
197;0;204;5;land;false;plains;1
198;0;204;60;land;false;plains;6
199;0;204;210;land;true;plains;1
200;0;207;25;land;false;plains;1
201;0;207;70;land;false;plains;1
202;0;207;175;land;false;plains;1
203;0;210;35;land;true;plains;1
204;0;210;90;land;true;plains;1
205;0;210;140;land;false;plains;1
206;1;0;10;land;false;plains;6
207;1;0;160;land;false;plains;1
208;1;0;215;land;false;plains;6
209;1;0;236;land;false;plains;0
210;1;2;244;land;false;plains;0
211;1;3;75;land;true;plains;1
212;1;3;180;land;true;plains;1
213;1;4;232;land;true;plains;0
214;1;6;40;land;true;plains;1
215;1;6;95;land;false;plains;1
216;1;6;145;land;true;plains;1
217;1;6;240;land;true;plains;0
218;1;8;248;land;false;ocean;0
219;1;9;5;land;true;plains;1
220;1;10;236;land;true;plains;0
221;1;12;25;land;true;plains;1
222;1;12;70;land;true;plains;1
223;1;12;175;land;false;plains;1
224;1;12;244;land;false;plains;0
225;1;14;232;land;false;plains;0
226;1;15;35;land;false;plains;1
227;1;15;90;land;false;plains;6
228;1;15;140;land;true;plains;6
229;1;15;240;land;true;plains;0
230;1;17;248;land;false;plains;0
231;1;18;0;land;false;plains;1
232;1;18;55;land;false;plains;1
233;1;18;205;land;false;plains;1
234;1;19;244;land;true;plains;0
235;1;20;232;land;true;plains;0
236;1;21;20;land;true;plains;1
237;1;21;170;land;true;plains;6
238;1;21;225;land;false;plains;1
239;1;22;240;land;true;plains;0
240;1;23;248;land;true;plains;0
241;1;24;85;land;true;plains;1
242;1;24;135;land;false;plains;1
243;1;24;190;land;false;plains;1
244;1;24;236;land;false;plains;0
245;1;25;244;land;false;plains;0
246;1;27;50;land;false;plains;1
247;1;27;155;land;false;plains;1
248;1;27;200;land;false;plains;1
249;1;27;232;land;false;plains;0
250;1;28;240;land;false;plains;0
251;1;29;248;land;false;plains;0
252;1;30;165;land;false;plains;1
253;1;30;220;land;false;plains;1
254;1;31;236;land;false;ocean;0
255;1;32;244;land;false;plains;0
256;1;33;130;land;true;plains;6
257;1;33;185;land;false;plains;6
258;1;33;232;land;false;plains;0
259;1;34;240;land;false;plains;0
260;1;36;45;land;false;plains;6
261;1;36;150;land;true;plains;1
262;1;36;248;land;false;plains;0
263;1;37;236;land;false;plains;0
264;1;38;244;land;false;plains;0
265;1;39;10;land;false;forest;1
266;1;39;215;land;false;plains;1
267;1;39;232;land;true;plains;0
268;1;42;30;land;false;forest;1
269;1;42;180;land;false;plains;1
270;1;45;40;land;false;plains;6
271;1;45;95;land;false;plains;1
272;1;48;5;land;false;plains;6
273;1;48;60;land;false;plains;6
274;1;48;210;land;false;plains;1
275;1;51;25;land;false;plains;1
276;1;51;175;land;false;hills;1
277;1;54;90;land;false;plains;1
278;1;57;55;land;false;plains;6
279;1;57;160;land;false;plains;1
280;1;57;205;land;false;plains;1
281;1;60;20;land;false;forest;1
282;1;60;170;land;false;plains;6
283;1;63;85;land;false;plains;1
284;1;63;135;land;false;plains;1
285;1;63;190;land;false;plains;1
286;1;66;155;land;false;plains;6
287;1;69;15;land;false;plains;1
288;1;69;70;land;false;plains;1
289;1;69;220;land;false;plains;1
290;1;72;35;land;false;plains;1
291;1;72;80;land;false;plains;6
292;1;72;185;land;false;plains;6
293;1;75;0;land;false;plains;1
294;1;75;150;land;false;plains;1
295;1;78;10;land;false;plains;1
296;1;78;65;land;false;plains;1
297;1;78;215;land;false;plains;1
298;1;81;30;land;false;plains;6
299;1;81;180;land;false;plains;1
300;1;84;95;land;false;plains;1
301;1;84;145;land;false;plains;1
302;1;84;200;land;false;plains;1
303;1;87;60;land;false;plains;1
304;1;87;165;land;false;plains;1
305;1;87;210;land;false;plains;6
306;1;90;25;land;false;plains;1
307;1;93;90;land;false;plains;6
308;1;93;140;land;false;plains;1
309;1;93;195;land;false;plains;1
310;1;96;55;land;false;plains;1
311;1;96;160;land;false;plains;1
312;1;99;20;land;true;plains;1
313;1;99;75;land;false;plains;1
314;1;99;225;land;false;plains;1
315;1;102;40;land;false;plains;1
316;1;102;85;land;false;plains;1
317;1;102;190;land;false;plains;1
318;1;105;5;land;false;plains;1
319;1;105;50;land;true;plains;1
320;1;108;15;land;false;plains;1
321;1;108;70;land;false;plains;1
322;1;111;35;land;true;plains;1
323;1;111;185;land;false;plains;1
324;1;114;0;land;false;plains;6
325;1;114;150;land;false;plains;6
326;1;114;205;land;false;plains;6
327;1;117;65;land;false;forest;1
328;1;117;170;land;false;plains;1
329;1;117;215;land;false;forest;1
330;1;120;30;land;false;plains;1
331;1;120;135;land;false;plains;1
332;1;123;95;land;false;plains;1
333;1;123;145;land;false;plains;1
334;1;123;200;land;false;plains;1
335;1;126;60;land;false;plains;1
336;1;126;165;land;false;plains;1
337;1;129;25;land;false;hills;1
338;1;129;80;land;false;plains;6
339;1;129;130;land;false;plains;6
340;1;132;45;land;false;plains;1
341;1;132;90;land;true;plains;1
342;1;132;195;land;false;plains;1
343;1;135;10;land;true;plains;1
344;1;135;55;land;false;plains;1
345;1;135;160;land;false;plains;6
346;1;138;20;land;false;plains;1
347;1;138;75;land;false;forest;1
348;1;138;225;land;true;plains;1
349;1;141;40;land;true;plains;1
350;1;141;190;land;false;plains;1
351;1;144;155;land;true;plains;1
352;1;147;70;land;false;plains;1
353;1;147;175;land;true;plains;6
354;1;147;220;land;false;plains;1
355;1;150;35;land;false;plains;6
356;1;150;140;land;false;plains;1
357;1;150;185;land;false;plains;1
358;1;153;0;land;true;plains;1
359;1;153;150;land;true;plains;6
360;1;153;205;land;true;plains;1
361;1;156;65;land;true;plains;6
362;1;156;170;land;true;plains;1
363;1;159;30;land;false;forest;1
364;1;159;135;land;false;plains;1
365;1;162;50;land;false;plains;6
366;1;162;95;land;false;plains;1
367;1;165;15;land;false;plains;1
368;1;165;60;land;false;plains;6
369;1;165;165;land;false;plains;1
370;1;168;25;land;false;plains;6
371;1;168;80;land;true;plains;1
372;1;171;195;land;false;plains;6
373;1;173;10;land;true;plains;2
374;1;174;10;land;true;plains;1
375;1;174;215;land;false;plains;1
376;1;177;75;land;false;plains;1
377;1;177;180;land;true;plains;1
378;1;177;225;land;false;plains;1
379;1;180;40;land;true;plains;3
380;1;180;145;land;true;plains;6
381;1;180;190;land;false;plains;6
382;1;183;5;land;false;plains;1
383;1;183;155;land;true;plains;1
384;1;183;210;land;true;plains;1
385;1;186;70;land;false;plains;1
386;1;186;175;land;true;plains;1
387;1;189;35;land;true;plains;1
388;1;189;90;land;true;plains;1
389;1;189;140;land;false;plains;1
390;1;192;0;land;false;plains;6
391;1;192;55;land;true;plains;1
392;1;192;205;land;false;plains;6
393;1;195;20;land;false;plains;6
394;1;195;65;land;true;plains;1
395;1;195;170;land;false;plains;1
396;1;198;85;land;true;plains;1
397;1;198;135;land;false;plains;1
398;1;201;50;land;true;plains;1
399;1;201;200;land;true;plains;1
400;1;204;15;land;false;forest;1
401;1;204;165;land;false;plains;1
402;1;204;220;land;false;plains;1
403;1;207;80;land;true;plains;6
404;1;207;130;land;false;plains;6
405;1;207;185;land;false;plains;1
406;1;210;45;land;false;plains;1
407;1;210;150;land;true;plains;1
408;1;210;195;land;true;plains;1
409;2;0;20;land;false;plains;1
410;2;0;65;land;false;plains;6
411;2;0;240;land;true;ocean;0
412;2;2;248;land;true;ocean;0
413;2;3;30;land;false;plains;1
414;2;3;85;land;false;plains;1
415;2;3;135;land;false;plains;1
416;2;4;236;land;false;ocean;0
417;2;6;50;land;false;hills;1
418;2;6;200;land;false;plains;1
419;2;6;244;land;true;ocean;0
420;2;8;232;land;false;ocean;0
421;2;9;15;land;false;plains;1
422;2;9;165;land;false;plains;1
423;2;10;240;land;true;ocean;0
424;2;12;80;land;false;hills;1
425;2;12;130;land;false;plains;1
426;2;12;185;land;false;plains;1
427;2;12;248;land;true;ocean;0
428;2;14;236;land;true;ocean;0
429;2;15;150;land;false;plains;1
430;2;15;244;land;true;ocean;0
431;2;17;232;land;false;ocean;0
432;2;18;10;land;false;plains;6
433;2;18;160;land;false;plains;1
434;2;18;215;land;false;plains;1
435;2;19;248;land;true;ocean;0
436;2;20;236;land;true;ocean;0
437;2;21;75;land;false;plains;1
438;2;21;180;land;false;plains;1
439;2;22;244;land;false;ocean;0
440;2;23;232;land;false;ocean;0
441;2;24;40;land;false;plains;1
442;2;24;145;land;false;plains;1
443;2;24;240;land;false;ocean;0
444;2;27;5;land;false;plains;1
445;2;27;210;land;false;plains;1
446;2;27;236;land;false;ocean;0
447;2;28;244;land;false;ocean;0
448;2;29;232;land;true;ocean;0
449;2;30;25;land;false;plains;1
450;2;31;240;land;false;ocean;0
451;2;32;248;land;true;ocean;0
452;2;33;35;land;false;plains;6
453;2;33;90;land;false;plains;1
454;2;33;140;land;false;plains;1
455;2;33;236;land;false;ocean;0
456;2;34;244;land;false;ocean;0
457;2;36;0;land;false;plains;1
458;2;36;55;land;false;plains;1
459;2;36;232;land;false;ocean;0
460;2;37;240;land;false;ocean;0
461;2;38;248;land;false;ocean;0
462;2;39;20;land;false;plains;1
463;2;39;170;land;false;plains;1
464;2;39;225;land;false;plains;6
465;2;39;236;land;false;ocean;0
466;2;42;85;land;false;plains;1
467;2;42;135;land;false;plains;1
468;2;42;190;land;false;plains;6
469;2;45;50;land;false;plains;1
470;2;51;80;land;false;plains;6
471;2;51;130;land;false;plains;1
472;2;51;185;land;false;plains;1
473;2;54;45;land;false;plains;1
474;2;57;10;land;false;plains;1
475;2;57;65;land;false;plains;6
476;2;57;215;land;false;plains;1
477;2;60;30;land;false;plains;6
478;2;60;75;land;false;plains;1
479;2;60;180;land;false;forest;1
480;2;63;40;land;true;plains;1
481;2;63;95;land;false;plains;1
482;2;63;145;land;false;plains;1
483;2;66;5;land;false;plains;6
484;2;66;60;land;false;plains;1
485;2;66;210;land;true;plains;1
486;2;69;25;land;false;plains;1
487;2;69;175;land;false;plains;1
488;2;72;90;land;false;plains;1
489;2;72;140;land;false;plains;1
490;2;72;195;land;true;forest;2
491;2;75;55;land;false;plains;1
492;2;75;160;land;false;forest;2
493;2;75;205;land;false;plains;1
494;2;78;20;land;false;plains;1
495;2;78;170;land;false;plains;1
496;2;78;225;land;false;forest;1
497;2;81;135;land;false;plains;6
498;2;81;190;land;false;plains;1
499;2;84;50;land;false;plains;6
500;2;84;155;land;false;plains;1
501;2;87;15;land;false;plains;1
502;2;87;220;land;false;plains;1
503;2;90;35;land;false;plains;1
504;2;90;185;land;false;plains;1
505;2;93;0;land;true;hills;2
506;2;93;150;land;false;forest;1
507;2;96;10;land;false;plains;1
508;2;99;180;land;false;plains;6
509;2;102;95;land;false;plains;1
510;2;102;145;land;false;plains;1
511;2;105;60;land;false;plains;1
512;2;105;165;land;false;plains;1
513;2;108;25;land;false;plains;1
514;2;111;90;land;false;plains;1
515;2;111;195;land;false;plains;2
516;2;114;55;land;false;plains;1
517;2;114;160;land;false;mountain;6
518;2;117;20;land;false;plains;1
519;2;117;75;land;false;plains;1
520;2;117;225;land;false;plains;6
521;2;120;40;land;false;plains;1
522;2;120;85;land;false;plains;1
523;2;120;190;land;false;plains;1
524;2;123;50;land;false;plains;1
525;2;123;155;land;false;plains;1
526;2;126;15;land;false;plains;1
527;2;126;70;land;false;plains;1
528;2;129;35;land;false;forest;2
529;2;129;185;land;false;plains;1
530;2;132;0;land;false;plains;1
531;2;132;150;land;false;plains;6
532;2;132;205;land;false;forest;1
533;2;135;65;land;false;plains;1
534;2;135;215;land;false;plains;1
535;2;138;180;land;false;marsh;1
536;2;141;95;land;false;plains;1
537;2;141;145;land;false;forest;1
538;2;144;60;land;false;plains;1
539;2;144;165;land;false;hills;1
540;2;147;25;land;true;marsh;1
541;2;147;80;land;false;forest;1
542;2;147;130;land;true;forest;1
543;2;150;45;land;false;hills;1
544;2;150;90;land;false;plains;1
545;2;150;195;land;false;desert;6
546;2;153;55;land;false;plains;1
547;2;153;160;land;false;plains;1
548;2;156;20;land;false;plains;1
549;2;156;75;land;false;hills;1
550;2;156;225;land;false;plains;1
551;2;159;40;land;false;plains;1
552;2;159;190;land;false;plains;1
553;2;162;5;land;false;plains;1
554;2;165;70;land;false;desert;6
555;2;165;175;land;false;forest;1
556;2;165;220;land;false;hills;6
557;2;168;140;land;false;plains;1
558;2;168;185;land;false;forest;1
559;2;171;0;land;false;plains;1
560;2;171;150;land;false;marsh;1
561;2;171;205;land;false;forest;1
562;2;174;65;land;false;plains;1
563;2;174;170;land;false;hills;1
564;2;177;30;land;false;forest;1
565;2;177;85;land;false;hills;1
566;2;180;95;land;false;forest;6
567;2;183;60;land;true;forest;1
568;2;183;165;land;true;plains;1
569;2;186;80;land;false;plains;1
570;2;186;130;land;false;forest;1
571;2;189;45;land;false;forest;1
572;2;189;195;land;false;plains;1
573;2;192;160;land;false;hills;1
574;2;192;215;land;false;plains;1
575;2;195;225;land;true;plains;1
576;2;198;40;land;false;desert;6
577;2;198;145;land;false;plains;1
578;2;198;190;land;false;plains;1
579;2;201;5;land;false;plains;1
580;2;201;155;land;false;forest;1
581;2;201;210;land;false;mountain;1
582;2;204;70;land;false;plains;1
583;2;204;175;land;false;plains;1
584;2;207;35;land;false;forest;1
585;2;207;90;land;false;plains;1
586;2;207;140;land;false;forest;1
587;2;210;0;land;false;urban;1
588;2;210;55;land;false;plains;1
589;2;210;205;land;false;plains;1
590;3;0;75;land;false;mountain;1
591;3;0;180;land;true;hills;1
592;3;0;225;land;false;forest;1
593;3;0;244;land;true;ocean;0
594;3;2;232;land;true;ocean;0
595;3;3;40;land;false;forest;1
596;3;3;145;land;false;hills;1
597;3;4;240;land;true;ocean;0
598;3;6;5;land;false;hills;2
599;3;6;210;land;false;hills;1
600;3;6;248;land;true;ocean;0
601;3;8;236;land;false;ocean;0
602;3;9;70;land;false;forest;2
603;3;9;175;land;false;plains;1
604;3;10;244;land;true;ocean;0
605;3;12;35;land;false;forest;2
606;3;12;90;land;false;hills;1
607;3;12;140;land;false;plains;1
608;3;12;232;land;true;ocean;0
609;3;14;240;land;true;ocean;0
610;3;15;0;land;true;mountain;2
611;3;15;205;land;false;mountain;1
612;3;15;248;land;false;ocean;0
613;3;17;236;land;false;ocean;0
614;3;18;20;land;false;hills;1
615;3;18;65;land;false;desert;6
616;3;19;232;land;true;ocean;0
617;3;20;240;land;false;ocean;0
618;3;21;30;land;false;desert;6
619;3;21;85;land;false;plains;1
620;3;21;135;land;false;forest;1
621;3;22;248;land;false;ocean;0
622;3;23;236;land;false;ocean;0
623;3;23;240;land;false;ocean;0
624;3;24;50;land;false;plains;1
625;3;24;200;land;false;forest;1
626;3;24;244;land;false;ocean;0
627;3;25;232;land;false;ocean;0
628;3;27;15;land;true;plains;1
629;3;27;165;land;false;plains;1
630;3;27;220;land;false;forest;1
631;3;27;240;land;true;ocean;0
632;3;28;248;land;false;ocean;0
633;3;29;236;land;true;ocean;0
634;3;30;130;land;false;forest;2
635;3;31;244;land;false;ocean;0
636;3;33;45;land;false;mountain;1
637;3;33;150;land;false;forest;1
638;3;33;195;land;false;plains;2
639;3;33;240;land;false;ocean;0
640;3;34;248;land;false;ocean;0
641;3;36;10;land;false;plains;1
642;3;36;160;land;false;desert;6
643;3;36;236;land;false;ocean;0
644;3;37;244;land;false;ocean;0
645;3;38;232;land;false;ocean;0
646;3;39;180;land;false;plains;1
647;3;39;240;land;false;ocean;0
648;3;42;40;land;false;forest;1
649;3;42;95;land;false;plains;1
650;3;42;145;land;false;hills;3
651;3;45;5;land;false;plains;1
652;3;45;60;land;false;mountain;7
653;3;45;210;land;false;mountain;1
654;3;48;25;land;false;hills;7
655;3;48;70;land;false;plains;1
656;3;48;175;land;false;mountain;1
657;3;51;90;land;true;plains;1
658;3;51;140;land;false;mountain;1
659;3;54;0;land;false;plains;2
660;3;54;55;land;false;forest;1
661;3;54;205;land;false;mountain;1
662;3;57;20;land;false;hills;1
663;3;57;170;land;false;urban;1
664;3;57;225;land;false;hills;6
665;3;63;50;land;false;forest;1
666;3;63;155;land;false;hills;1
667;3;63;200;land;false;plains;1
668;3;66;15;land;false;mountain;1
669;3;66;165;land;false;plains;1
670;3;66;220;land;false;hills;1
671;3;69;80;land;false;mountain;1
672;3;69;185;land;false;hills;7
673;3;72;45;land;false;mountain;1
674;3;72;150;land;false;plains;1
675;3;75;65;land;false;forest;6
676;3;75;215;land;false;plains;1
677;3;78;30;land;true;hills;2
678;3;78;75;land;false;hills;1
679;3;78;180;land;false;plains;1
680;3;81;40;land;false;plains;1
681;3;81;95;land;false;plains;6
682;3;81;145;land;false;plains;1
683;3;84;60;land;false;plains;1
684;3;84;210;land;false;plains;1
685;3;87;25;land;false;mountain;1
686;3;87;175;land;false;plains;1
687;3;90;90;land;true;plains;1
688;3;90;140;land;false;forest;1
689;3;90;195;land;false;plains;2
690;3;93;55;land;false;mountain;1
691;3;93;160;land;false;plains;2
692;3;93;205;land;false;urban;1
693;3;96;20;land;false;mountain;1
694;3;96;170;land;false;hills;1
695;3;96;225;land;false;plains;2
696;3;99;85;land;false;hills;1
697;3;99;90;land;false;forest;5
698;3;99;135;land;false;hills;1
699;3;102;50;land;false;plains;1
700;3;102;155;land;false;plains;1
701;3;105;15;land;false;forest;1
702;3;105;70;land;false;forest;2
703;3;108;35;land;false;forest;2
704;3;108;80;land;false;hills;1
705;3;108;185;land;true;plains;1
706;3;111;0;land;false;forest;2
707;3;111;45;land;false;mountain;1
708;3;114;10;land;false;plains;1
709;3;114;65;land;false;forest;2
710;3;117;30;land;false;mountain;2
711;3;117;180;land;false;mountain;1
712;3;120;95;land;false;plains;1
713;3;120;145;land;false;forest;1
714;3;123;60;land;false;plains;1
715;3;123;165;land;false;forest;2
716;3;123;210;land;false;plains;1
717;3;126;25;land;true;mountain;1
718;3;126;130;land;false;forest;2
719;3;129;90;land;true;hills;1
720;3;129;195;land;false;plains;2
721;3;132;55;land;true;plains;1
722;3;132;160;land;false;hills;2
723;3;135;20;land;false;plains;1
724;3;135;75;land;false;hills;1
725;3;135;225;land;false;hills;6
726;3;138;40;land;false;hills;1
727;3;138;85;land;false;mountain;1
728;3;138;190;land;false;forest;1
729;3;141;5;land;false;forest;1
730;3;141;50;land;false;plains;1
731;3;141;155;land;false;plains;1
732;3;141;209;land;false;forest;1
733;3;144;70;land;false;mountain;2
734;3;147;35;land;false;hills;2
735;3;147;185;land;false;plains;1
736;3;150;0;land;false;plains;2
737;3;150;150;land;false;plains;1
738;3;150;205;land;false;mountain;1
739;3;153;65;land;false;plains;6
740;3;153;170;land;true;urban;1
741;3;153;215;land;false;plains;1
742;3;156;30;land;false;hills;1
743;3;156;135;land;true;forest;1
744;3;156;180;land;false;plains;1
745;3;159;95;land;false;plains;1
746;3;159;145;land;false;plains;1
747;3;159;200;land;true;mountain;1
748;3;165;25;land;false;plains;1
749;3;165;130;land;false;plains;2
750;3;168;90;land;true;marsh;1
751;3;168;195;land;false;forest;2
752;3;171;10;land;false;plains;1
753;3;171;160;land;false;hills;6
754;3;174;20;land;false;plains;1
755;3;174;75;land;false;forest;1
756;3;174;225;land;false;desert;6
757;3;177;190;land;false;plains;6
758;3;180;5;land;true;forest;1
759;3;180;155;land;false;plains;6
760;3;180;210;land;false;hills;1
761;3;183;70;land;true;forest;2
762;3;183;175;land;false;plains;1
763;3;186;35;land;false;forest;2
764;3;186;140;land;false;mountain;1
765;3;186;185;land;false;plains;1
766;3;189;0;land;false;mountain;2
767;3;189;150;land;false;plains;1
768;3;192;65;land;false;plains;2
769;3;192;170;land;false;hills;1
770;3;195;85;land;false;plains;1
771;3;198;50;land;false;mountain;1
772;3;198;95;land;true;plains;7
773;3;201;15;land;false;plains;1
774;3;201;165;land;false;plains;2
775;3;204;25;land;false;plains;1
776;3;204;80;land;false;plains;1
777;3;204;130;land;false;forest;2
778;3;207;45;land;false;mountain;1
779;3;207;195;land;false;forest;2
780;3;210;10;land;false;plains;1
781;3;210;160;land;false;mountain;2
782;3;210;215;land;true;plains;1
783;4;0;30;land;false;hills;6
784;4;0;85;land;false;mountain;7
785;4;0;135;land;false;mountain;7
786;4;0;248;land;true;ocean;0
787;4;2;236;land;false;ocean;0
788;4;3;50;land;true;plains;2
789;4;3;95;land;false;hills;7
790;4;3;200;land;false;plains;1
791;4;4;244;land;false;ocean;0
792;4;6;15;land;true;mountain;7
793;4;6;60;land;false;plains;1
794;4;6;165;land;false;plains;1
795;4;6;232;land;false;ocean;0
796;4;8;240;land;false;ocean;0
797;4;9;25;land;false;hills;1
798;4;9;80;land;false;mountain;1
799;4;9;130;land;true;forest;1
800;4;12;45;land;false;hills;6
801;4;12;195;land;false;mountain;2
802;4;12;236;land;false;ocean;0
803;4;14;244;land;true;ocean;0
804;4;15;10;land;false;desert;7
805;4;15;160;land;false;forest;2
806;4;15;215;land;true;mountain;7
807;4;15;232;land;true;ocean;0
808;4;17;240;land;false;ocean;0
809;4;18;180;land;false;hills;1
810;4;18;225;land;false;hills;6
811;4;19;236;land;true;ocean;0
812;4;20;244;land;true;ocean;0
813;4;21;40;land;false;hills;1
814;4;21;145;land;false;plains;6
815;4;22;232;land;false;ocean;0
816;4;23;240;land;false;ocean;0
817;4;24;5;land;false;plains;1
818;4;24;155;land;false;plains;1
819;4;24;210;land;true;urban;1
820;4;24;248;land;false;ocean;0
821;4;25;236;land;false;ocean;0
822;4;27;70;land;false;hills;2
823;4;27;175;land;false;mountain;2
824;4;27;244;land;false;ocean;0
825;4;28;232;land;false;ocean;0
826;4;29;240;land;true;ocean;0
827;4;30;35;land;false;plains;2
828;4;30;90;land;false;hills;6
829;4;30;140;land;false;desert;7
830;4;31;248;land;false;ocean;0
831;4;33;0;land;false;plains;2
832;4;33;55;land;false;hills;1
833;4;33;205;land;false;mountain;1
834;4;33;244;land;false;ocean;0
835;4;34;232;land;false;ocean;0
836;4;36;20;land;false;mountain;6
837;4;36;65;land;false;hills;6
838;4;36;240;land;false;ocean;0
839;4;37;248;land;false;ocean;0
840;4;38;236;land;false;ocean;0
841;4;39;85;land;false;mountain;1
842;4;39;244;land;false;ocean;0
843;4;40;248;land;false;lands;0
844;4;42;50;land;false;plains;1
845;4;42;200;land;false;hills;1
846;4;45;15;land;false;plains;6
847;4;45;165;land;false;forest;2
848;4;45;220;land;true;hills;6
849;4;48;80;land;true;plains;1
850;4;48;130;land;false;mountain;2
851;4;48;185;land;true;forest;1
852;4;51;150;land;false;hills;6
853;4;51;195;land;false;desert;2
854;4;54;10;land;true;forest;1
855;4;54;160;land;true;plains;6
856;4;54;215;land;false;mountain;7
857;4;57;75;land;false;hills;1
858;4;57;180;land;false;hills;1
859;4;60;40;land;true;plains;2
860;4;60;95;land;false;plains;2
861;4;60;145;land;false;mountain;6
862;4;63;5;land;false;hills;2
863;4;63;60;land;false;mountain;1
864;4;63;210;land;false;mountain;7
865;4;66;25;land;true;forest;2
866;4;66;70;land;true;plains;2
867;4;66;175;land;false;mountain;1
868;4;69;35;land;false;mountain;2
869;4;69;90;land;false;desert;7
870;4;72;0;land;false;plains;2
871;4;72;55;land;false;mountain;1
872;4;72;205;land;false;hills;1
873;4;75;20;land;true;forest;2
874;4;75;170;land;false;plains;1
875;4;75;225;land;false;hills;1
876;4;78;85;land;false;desert;7
877;4;78;135;land;false;plains;1
878;4;81;50;land;false;hills;1
879;4;81;155;land;false;hills;1
880;4;84;165;land;false;plains;2
881;4;84;220;land;false;forest;6
882;4;87;130;land;false;plains;2
883;4;87;185;land;true;plains;1
884;4;90;45;land;false;mountain;1
885;4;93;10;land;false;hills;1
886;4;93;65;land;false;mountain;7
887;4;93;215;land;false;hills;6
888;4;96;30;land;false;plains;1
889;4;96;75;land;false;forest;1
890;4;96;180;land;false;mountain;7
891;4;99;40;land;false;hills;2
892;4;99;95;land;false;mountain;6
893;4;99;145;land;false;hills;1
894;4;102;5;land;false;hills;2
895;4;102;60;land;true;plains;1
896;4;105;25;land;false;plains;1
897;4;105;175;land;false;mountain;1
898;4;108;90;land;true;mountain;6
899;4;108;140;land;false;mountain;1
900;4;108;195;land;false;forest;6
901;4;111;55;land;false;desert;7
902;4;111;160;land;true;hills;1
903;4;111;205;land;false;plains;1
904;4;114;20;land;true;plains;7
905;4;114;170;land;true;plains;2
906;4;114;225;land;false;hills;6
907;4;117;85;land;false;hills;1
908;4;117;135;land;false;forest;2
909;4;117;190;land;false;hills;7
910;4;120;50;land;false;hills;1
911;4;123;15;land;true;forest;1
912;4;123;70;land;true;hills;6
913;4;123;220;land;false;forest;2
914;4;126;35;land;true;hills;1
915;4;126;80;land;false;mountain;1
916;4;126;185;land;false;plains;6
917;4;129;0;land;false;mountain;2
918;4;129;45;land;false;plains;1
919;4;129;150;land;false;desert;7
920;4;132;10;land;false;plains;1
921;4;132;65;land;false;desert;7
922;4;132;215;land;true;plains;1
923;4;135;30;land;true;mountain;1
924;4;138;95;land;false;plains;1
925;4;138;145;land;true;hills;1
926;4;138;200;land;false;plains;2
927;4;141;60;land;false;hills;6
928;4;141;165;land;false;plains;7
929;4;141;210;land;false;plains;1
930;4;144;25;land;false;plains;6
931;4;144;130;land;false;plains;1
932;4;144;175;land;false;hills;1
933;4;147;90;land;false;hills;7
934;4;147;195;land;false;hills;6
935;4;150;55;land;false;hills;1
936;4;150;160;land;false;mountain;1
937;4;153;20;land;false;mountain;1
938;4;153;75;land;false;mountain;1
939;4;153;225;land;false;mountain;1
940;4;156;40;land;false;mountain;7
941;4;156;190;land;false;mountain;2
942;4;159;5;land;false;plains;1
943;4;159;50;land;false;plains;1
944;4;159;155;land;false;mountain;6
945;4;162;70;land;false;hills;6
946;4;162;220;land;false;plains;6
947;4;165;35;land;true;mountain;7
948;4;168;0;land;false;hills;1
949;4;168;150;land;false;urban;1
950;4;168;205;land;false;hills;1
951;4;171;65;land;false;mountain;2
952;4;171;170;land;false;forest;6
953;4;171;215;land;false;mountain;1
954;4;174;30;land;false;forest;2
955;4;174;135;land;true;mountain;1
956;4;174;180;land;false;hills;1
957;4;177;95;land;true;urban;6
958;4;177;145;land;false;plains;1
959;4;177;200;land;true;hills;6
960;4;180;60;land;false;mountain;7
961;4;180;165;land;false;mountain;7
962;4;183;80;land;true;hills;1
963;4;183;130;land;false;mountain;1
964;4;186;45;land;true;mountain;6
965;4;186;90;land;false;hills;1
966;4;189;10;land;false;mountain;1
967;4;189;55;land;true;hills;1
968;4;189;160;land;false;hills;2
969;4;192;20;land;false;plains;1
970;4;192;75;land;true;plains;1
971;4;192;225;land;false;hills;2
972;4;195;40;land;false;forest;6
973;4;195;190;land;false;hills;6
974;4;198;5;land;false;mountain;1
975;4;198;155;land;true;mountain;7
976;4;198;210;land;true;hills;1
977;4;201;70;land;false;mountain;1
978;4;201;175;land;false;hills;6
979;4;201;220;land;true;mountain;7
980;4;204;35;land;true;plains;1
981;4;204;140;land;false;mountain;7
982;4;204;185;land;false;mountain;1
983;4;207;0;land;false;forest;2
984;4;207;150;land;false;hills;1
985;4;207;205;land;false;hills;1
986;4;210;65;land;true;hills;2
987;4;210;170;land;false;plains;6
988;5;0;40;land;false;jungle;5
989;5;0;190;land;true;mountain;5
990;5;0;232;land;true;ocean;0
991;5;2;240;land;true;ocean;0
992;5;3;5;land;false;desert;5
993;5;3;155;land;false;plains;6
994;5;3;210;land;true;plains;6
995;5;4;244;land;true;ocean;0
996;5;6;70;land;false;hills;6
997;5;6;175;land;false;forest;6
998;5;6;220;land;true;plains;6
999;5;6;236;land;false;ocean;0
1000;5;8;244;land;false;ocean;0
1001;5;9;35;land;false;forest;6
1002;5;9;140;land;true;plains;0
1003;5;9;185;land;true;plains;6
1004;5;12;0;land;false;plains;6
1005;5;12;150;land;true;mountain;7
1006;5;12;205;land;false;mountain;6
1007;5;12;240;land;false;ocean;0
1008;5;14;248;land;false;ocean;0
1009;5;15;65;land;true;plains;1
1010;5;15;170;land;false;hills;6
1011;5;15;236;land;false;ocean;0
1012;5;17;244;land;false;ocean;0
1013;5;18;30;land;true;plains;5
1014;5;18;85;land;true;jungle;6
1015;5;18;135;land;true;desert;7
1016;5;19;240;land;false;ocean;0
1017;5;20;248;land;false;ocean;0
1018;5;21;50;land;true;forest;6
1019;5;21;95;land;true;marsh;2
1020;5;21;200;land;true;hills;6
1021;5;22;236;land;false;ocean;0
1022;5;23;244;land;false;ocean;0
1023;5;24;15;land;false;mountain;6
1024;5;24;60;land;true;hills;6
1025;5;24;165;land;true;urban;6
1026;5;25;240;land;false;ocean;0
1027;5;27;25;land;false;forest;6
1028;5;27;80;land;false;mountain;5
1029;5;27;130;land;true;plains;6
1030;5;27;248;land;false;ocean;0
1031;5;28;236;land;false;ocean;0
1032;5;29;244;land;false;ocean;0
1033;5;30;45;land;true;mountain;7
1034;5;30;195;land;false;hills;6
1035;5;31;232;land;false;ocean;0
1036;5;33;10;land;false;forest;6
1037;5;33;160;land;false;plains;5
1038;5;33;215;land;true;forest;6
1039;5;33;248;land;false;ocean;0
1040;5;34;236;land;false;ocean;0
1041;5;36;75;land;true;desert;5
1042;5;36;180;land;true;jungle;4
1043;5;36;225;land;false;desert;5
1044;5;37;232;land;false;ocean;0
1045;5;38;240;land;false;ocean;0
1046;5;39;40;land;false;hills;5
1047;5;39;145;land;true;urban;6
1048;5;39;190;land;true;plains;1
1049;5;39;248;land;false;ocean;0
1050;5;40;232;land;false;lands;0
1051;5;42;5;land;true;hills;6
1052;5;42;155;land;true;plains;6
1053;5;42;210;land;false;plains;6
1054;5;45;70;land;true;hills;6
1055;5;45;175;land;true;mountain;6
1056;5;48;35;land;false;mountain;7
1057;5;48;140;land;false;desert;5
1058;5;51;0;land;false;mountain;5
1059;5;51;55;land;false;forest;6
1060;5;51;205;land;false;desert;5
1061;5;54;20;land;true;marsh;6
1062;5;54;170;land;false;mountain;5
1063;5;57;30;land;true;forest;6
1064;5;57;85;land;false;desert;5
1065;5;57;135;land;true;plains;7
1066;5;60;50;land;false;mountain;6
1067;5;60;200;land;true;hills;6
1068;5;63;15;land;false;desert;5
1069;5;63;165;land;false;urban;6
1070;5;63;220;land;true;plains;6
1071;5;66;80;land;true;desert;5
1072;5;66;130;land;false;mountain;7
1073;5;66;185;land;false;plains;6
1074;5;69;45;land;false;mountain;7
1075;5;69;150;land;false;forest;6
1076;5;72;10;land;false;plains;6
1077;5;72;160;land;true;marsh;2
1078;5;72;215;land;false;plains;6
1079;5;75;75;land;false;plains;5
1080;5;75;180;land;false;mountain;5
1081;5;78;40;land;false;hills;6
1082;5;78;95;land;false;plains;6
1083;5;78;145;land;false;forest;6
1084;5;81;5;land;false;plains;6
1085;5;81;60;land;true;jungle;4
1086;5;81;210;land;false;desert;7
1087;5;84;25;land;false;plains;6
1088;5;84;70;land;true;plains;7
1089;5;84;175;land;true;hills;6
1090;5;87;35;land;false;mountain;1
1091;5;87;90;land;true;plains;6
1092;5;87;140;land;true;urban;6
1093;5;90;0;land;false;plains;1
1094;5;90;55;land;false;mountain;6
1095;5;90;205;land;false;desert;5
1096;5;93;20;land;true;hills;6
1097;5;93;170;land;false;mountain;6
1098;5;93;225;land;true;jungle;6
1099;5;96;85;land;false;plains;6
1100;5;96;135;land;false;plains;6
1101;5;96;190;land;false;forest;6
1102;5;99;50;land;true;mountain;5
1103;5;99;155;land;false;plains;6
1104;5;99;200;land;true;hills;6
1105;5;102;15;land;false;desert;5
1106;5;102;165;land;true;plains;1
1107;5;102;220;land;false;mountain;6
1108;5;105;80;land;true;mountain;7
1109;5;105;130;land;true;forest;1
1110;5;105;185;land;false;hills;6
1111;5;108;45;land;false;mountain;5
1112;5;108;150;land;true;mountain;7
1113;5;111;10;land;false;hills;6
1114;5;111;65;land;false;hills;6
1115;5;111;215;land;false;desert;5
1116;5;114;30;land;false;plains;6
1117;5;114;75;land;true;hills;6
1118;5;114;180;land;true;hills;5
1119;5;117;40;land;true;plains;7
1120;5;117;95;land;false;plains;6
1121;5;117;145;land;false;hills;6
1122;5;120;5;land;true;mountain;7
1123;5;120;60;land;true;plains;6
1124;5;120;210;land;false;hills;6
1125;5;123;25;land;false;mountain;6
1126;5;123;175;land;false;desert;5
1127;5;126;90;land;true;mountain;5
1128;5;126;140;land;false;hills;5
1129;5;126;195;land;false;mountain;6
1130;5;129;55;land;true;mountain;5
1131;5;129;160;land;false;hills;6
1132;5;129;205;land;true;plains;2
1133;5;132;20;land;true;hills;6
1134;5;132;170;land;false;forest;6
1135;5;132;225;land;true;plains;2
1136;5;135;85;land;true;hills;6
1137;5;135;135;land;false;mountain;6
1138;5;135;190;land;false;hills;6
1139;5;138;50;land;false;plains;6
1140;5;138;155;land;false;desert;5
1141;5;141;15;land;false;mountain;5
1142;5;141;70;land;true;hills;6
1143;5;141;220;land;false;desert;5
1144;5;144;35;land;false;plains;6
1145;5;144;80;land;true;urban;5
1146;5;144;185;land;false;plains;6
1147;5;147;0;land;false;desert;6
1148;5;147;45;land;true;hills;6
1149;5;147;150;land;true;urban;5
1150;5;150;10;land;true;urban;6
1151;5;150;65;land;false;desert;5
1152;5;150;215;land;false;mountain;5
1153;5;153;30;land;false;forest;6
1154;5;153;180;land;false;plains;6
1155;5;156;95;land;true;desert;7
1156;5;156;145;land;true;mountain;1
1157;5;156;200;land;true;forest;6
1158;5;159;60;land;true;plains;6
1159;5;159;165;land;true;plains;6
1160;5;159;210;land;true;hills;5
1161;5;162;25;land;false;hills;6
1162;5;162;130;land;false;plains;6
1163;5;162;175;land;true;plains;2
1164;5;165;90;land;true;hills;1
1165;5;165;140;land;true;hills;6
1166;5;165;195;land;false;mountain;6
1167;5;168;55;land;true;hills;6
1168;5;168;160;land;true;mountain;6
1169;5;171;20;land;false;plains;6
1170;5;171;75;land;false;hills;6
1171;5;171;225;land;false;plains;6
1172;5;174;40;land;false;mountain;6
1173;5;174;85;land;true;hills;1
1174;5;174;190;land;false;desert;5
1175;5;177;5;land;true;hills;6
1176;5;177;50;land;false;mountain;1
1177;5;177;155;land;true;plains;6
1178;5;180;15;land;false;plains;1
1179;5;180;70;land;true;mountain;6
1180;5;180;220;land;false;hills;6
1181;5;183;35;land;false;forest;5
1182;5;183;185;land;true;urban;6
1183;5;186;0;land;true;hills;6
1184;5;186;150;land;true;plains;6
1185;5;186;205;land;true;plains;6
1186;5;189;65;land;false;desert;5
1187;5;189;170;land;false;hills;6
1188;5;189;215;land;false;hills;6
1189;5;192;30;land;true;hills;5
1190;5;192;135;land;true;marsh;6
1191;5;195;95;land;true;hills;6
1192;5;195;145;land;false;mountain;1
1193;5;195;200;land;false;mountain;6
1194;5;198;60;land;true;plains;5
1195;5;198;165;land;false;hills;6
1196;5;201;25;land;false;mountain;6
1197;5;201;80;land;false;plains;6
1198;5;201;130;land;true;desert;5
1199;5;204;45;land;false;plains;6
1200;5;204;90;land;true;hills;6
1201;5;204;195;land;true;plains;7
1202;5;207;10;land;false;plains;6
1203;5;207;55;land;false;hills;6
1204;5;207;160;land;true;desert;5
1205;5;210;20;land;true;hills;1
1206;5;210;75;land;false;desert;5
1207;5;210;225;land;false;mountain;5
1208;6;0;95;land;true;jungle;6
1209;6;0;145;land;true;plains;6
1210;6;0;200;land;false;plains;6
1211;6;0;236;land;true;ocean;0
1212;6;2;244;land;true;ocean;0
1213;6;3;60;land;false;mountain;6
1214;6;3;165;land;true;forest;2
1215;6;4;232;land;true;ocean;0
1216;6;6;80;land;false;mountain;6
1217;6;6;130;land;false;forest;4
1218;6;6;240;land;false;ocean;0
1219;6;8;248;land;false;ocean;0
1220;6;9;45;land;false;desert;6
1221;6;9;90;land;true;plains;6
1222;6;9;195;land;true;jungle;4
1223;6;12;10;land;false;desert;6
1224;6;12;55;land;true;jungle;6
1225;6;12;160;land;false;jungle;6
1226;6;12;244;land;false;ocean;0
1227;6;14;232;land;true;ocean;0
1228;6;15;20;land;false;forest;6
1229;6;15;75;land;false;plains;6
1230;6;15;225;land;false;jungle;6
1231;6;15;240;land;false;ocean;0
1232;6;17;248;land;false;ocean;0
1233;6;18;40;land;false;plains;6
1234;6;18;190;land;true;jungle;6
1235;6;19;244;land;false;ocean;0
1236;6;20;232;land;true;ocean;0
1237;6;21;5;land;true;plains;4
1238;6;21;155;land;true;plains;6
1239;6;21;210;land;false;desert;6
1240;6;22;240;land;false;ocean;0
1241;6;23;248;land;false;ocean;0
1242;6;24;70;land;true;jungle;4
1243;6;24;175;land;false;desert;6
1244;6;24;220;land;true;jungle;6
1245;6;25;244;land;false;ocean;0
1246;6;27;35;land;true;jungle;6
1247;6;27;140;land;false;desert;6
1248;6;27;185;land;false;mountain;6
1249;6;27;232;land;false;ocean;0
1250;6;28;240;land;false;ocean;0
1251;6;29;248;land;false;ocean;0
1252;6;30;0;land;true;jungle;6
1253;6;30;150;land;false;hills;6
1254;6;30;205;land;false;plains;6
1255;6;31;236;land;false;ocean;0
1256;6;32;244;land;true;ocean;0
1257;6;33;65;land;false;desert;6
1258;6;33;170;land;false;plains;6
1259;6;33;232;land;false;ocean;0
1260;6;34;240;land;false;ocean;0
1261;6;36;30;land;true;jungle;6
1262;6;36;85;land;false;hills;2
1263;6;36;135;land;true;plains;4
1264;6;36;248;land;false;ocean;0
1265;6;37;236;land;false;ocean;0
1266;6;38;244;land;false;ocean;0
1267;6;39;50;land;false;mountain;6
1268;6;39;95;land;false;hills;6
1269;6;39;200;land;true;jungle;4
1270;6;39;232;land;false;ocean;0
1271;6;40;236;land;false;lands;0
1272;6;42;15;land;false;desert;6
1273;6;42;60;land;true;mountain;6
1274;6;42;165;land;false;plains;6
1275;6;45;25;land;false;plains;6
1276;6;45;80;land;false;plains;6
1277;6;45;130;land;true;jungle;6
1278;6;48;45;land;false;plains;6
1279;6;48;195;land;true;plains;6
1280;6;51;10;land;true;plains;0
1281;6;51;160;land;true;plains;6
1282;6;51;215;land;false;forest;2
1283;6;54;75;land;true;jungle;4
1284;6;54;180;land;true;hills;2
1285;6;54;225;land;true;mountain;6
1286;6;57;40;land;true;jungle;4
1287;6;57;145;land;false;plains;6
1288;6;57;190;land;true;jungle;6
1289;6;60;5;land;true;jungle;6
1290;6;60;210;land;false;plains;6
1291;6;63;70;land;true;hills;6
1292;6;63;175;land;false;plains;6
1293;6;66;35;land;true;plains;6
1294;6;66;90;land;false;plains;6
1295;6;66;140;land;false;forest;6
1296;6;69;0;land;false;jungle;6
1297;6;69;55;land;false;forest;6
1298;6;69;205;land;true;jungle;6
1299;6;72;20;land;false;forest;2
1300;6;72;65;land;true;mountain;6
1301;6;72;170;land;true;jungle;4
1302;6;75;30;land;true;hills;6
1303;6;75;85;land;false;plains;6
1304;6;75;135;land;false;jungle;6
1305;6;78;50;land;false;plains;6
1306;6;78;200;land;true;jungle;6
1307;6;81;15;land;false;forest;6
1308;6;81;165;land;true;hills;6
1309;6;81;220;land;false;plains;6
1310;6;84;80;land;true;jungle;4
1311;6;84;130;land;true;jungle;6
1312;6;84;185;land;false;desert;6
1313;6;87;45;land;false;plains;6
1314;6;87;150;land;false;desert;6
1315;6;87;195;land;true;jungle;6
1316;6;90;10;land;true;jungle;6
1317;6;90;160;land;false;plains;6
1318;6;90;215;land;false;desert;6
1319;6;93;75;land;false;hills;6
1320;6;93;180;land;false;mountain;2
1321;6;96;40;land;true;plains;6
1322;6;96;95;land;true;hills;6
1323;6;96;145;land;false;forest;2
1324;6;99;5;land;false;forest;6
1325;6;99;60;land;false;mountain;6
1326;6;99;210;land;true;jungle;6
1327;6;102;25;land;false;plains;6
1328;6;102;70;land;false;mountain;6
1329;6;102;175;land;true;jungle;4
1330;6;105;35;land;true;urban;6
1331;6;105;90;land;false;desert;6
1332;6;105;140;land;true;jungle;6
1333;6;108;0;land;false;jungle;6
1334;6;108;55;land;false;plains;6
1335;6;108;205;land;false;mountain;6
1336;6;111;20;land;false;plains;6
1337;6;111;170;land;true;hills;6
1338;6;111;225;land;true;forest;2
1339;6;114;85;land;true;jungle;6
1340;6;114;135;land;true;jungle;6
1341;6;114;190;land;false;forest;2
1342;6;117;50;land;true;jungle;6
1343;6;117;155;land;false;hills;6
1344;6;117;200;land;false;plains;6
1345;6;120;15;land;true;jungle;6
1346;6;120;165;land;false;mountain;1
1347;6;120;220;land;false;mountain;2
1348;6;123;80;land;false;hills;6
1349;6;123;130;land;true;urban;6
1350;6;123;185;land;false;forest;6
1351;6;126;45;land;true;desert;6
1352;6;126;150;land;false;plains;2
1353;6;129;10;land;true;hills;6
1354;6;129;65;land;true;forest;2
1355;6;129;215;land;true;plains;6
1356;6;132;30;land;true;forest;2
1357;6;132;75;land;false;forest;6
1358;6;132;180;land;true;jungle;4
1359;6;135;40;land;false;plains;6
1360;6;135;95;land;false;desert;6
1361;6;135;145;land;true;jungle;4
1362;6;138;5;land;false;hills;6
1363;6;138;60;land;false;plains;6
1364;6;138;210;land;false;mountain;6
1365;6;141;25;land;false;plains;6
1366;6;141;175;land;true;jungle;6
1367;6;144;90;land;false;plains;6
1368;6;144;140;land;true;jungle;6
1369;6;144;195;land;false;forest;6
1370;6;147;55;land;true;jungle;4
1371;6;147;160;land;false;desert;6
1372;6;147;205;land;true;jungle;6
1373;6;150;20;land;false;plains;6
1374;6;150;170;land;false;forest;6
1375;6;150;225;land;false;plains;6
1376;6;153;85;land;true;jungle;6
1377;6;153;135;land;false;plains;6
1378;6;153;190;land;false;plains;6
1379;6;156;50;land;true;jungle;6
1380;6;156;155;land;false;forest;6
1381;6;159;15;land;true;plains;6
1382;6;159;70;land;false;desert;6
1383;6;159;220;land;false;plains;6
1384;6;162;35;land;false;mountain;6
1385;6;162;80;land;true;jungle;6
1386;6;162;185;land;true;hills;6
1387;6;165;0;land;false;forest;6
1388;6;165;45;land;true;jungle;6
1389;6;165;150;land;true;jungle;4
1390;6;168;10;land;false;forest;6
1391;6;168;65;land;false;plains;6
1392;6;168;215;land;false;hills;6
1393;6;171;30;land;true;mountain;2
1394;6;171;180;land;false;hills;6
1395;6;174;95;land;false;plains;6
1396;6;174;145;land;true;plains;6
1397;6;174;200;land;false;mountain;6
1398;6;177;60;land;true;jungle;6
1399;6;177;165;land;true;plains;6
1400;6;177;210;land;false;hills;6
1401;6;180;25;land;true;jungle;6
1402;6;180;130;land;false;desert;6
1403;6;180;175;land;true;jungle;6
1404;6;183;90;land;true;hills;6
1405;6;183;140;land;false;mountain;6
1406;6;183;195;land;false;plains;6
1407;6;186;55;land;false;jungle;6
1408;6;186;160;land;true;mountain;2
1409;6;189;20;land;false;plains;6
1410;6;189;225;land;true;forest;4
1411;6;192;40;land;false;mountain;2
1412;6;192;85;land;false;plains;6
1413;6;192;190;land;true;plains;6
1414;6;195;5;land;false;mountain;2
1415;6;195;50;land;true;plains;6
1416;6;195;155;land;true;jungle;6
1417;6;198;15;land;false;plains;6
1418;6;198;70;land;false;plains;6
1419;6;198;220;land;true;jungle;6
1420;6;201;35;land;true;forest;2
1421;6;201;185;land;true;plains;6
1422;6;204;0;land;true;forest;4
1423;6;204;150;land;true;plains;6
1424;6;204;205;land;true;forest;2
1425;6;207;65;land;true;mountain;6
1426;6;207;170;land;true;plains;2
1427;6;207;215;land;true;plains;6
1428;6;210;30;land;true;plains;6
1429;6;210;135;land;false;desert;6
1430;6;210;180;land;true;plains;6
1431;7;0;5;land;true;forest;4
1432;7;0;50;land;false;mountain;2
1433;7;0;155;land;false;forest;2
1434;7;0;240;land;true;ocean;0
1435;7;2;248;land;false;ocean;0
1436;7;3;15;land;false;hills;2
1437;7;3;70;land;true;plains;6
1438;7;3;220;land;false;mountain;6
1439;7;4;236;land;true;ocean;0
1440;7;6;35;land;true;plains;3
1441;7;6;185;land;false;forest;2
1442;7;6;244;land;false;ocean;0
1443;7;8;232;land;false;ocean;0
1444;7;9;0;land;false;forest;6
1445;7;9;150;land;false;plains;2
1446;7;9;205;land;false;hills;3
1447;7;10;240;land;false;ocean;0
1448;7;12;65;land;false;hills;6
1449;7;12;170;land;false;plains;3
1450;7;12;215;land;false;mountain;1
1451;7;12;248;land;false;ocean;0
1452;7;14;236;land;true;ocean;0
1453;7;15;30;land;false;marsh;2
1454;7;15;135;land;false;forest;4
1455;7;15;180;land;false;mountain;1
1456;7;15;244;land;false;ocean;0
1457;7;17;232;land;false;ocean;0
1458;7;18;95;land;false;mountain;6
1459;7;18;145;land;false;urban;6
1460;7;18;200;land;true;mountain;6
1461;7;19;248;land;false;ocean;0
1462;7;20;236;land;false;ocean;0
1463;7;21;60;land;false;mountain;7
1464;7;21;165;land;false;forest;6
1465;7;22;244;land;false;ocean;0
1466;7;23;232;land;false;ocean;0
1467;7;24;25;land;false;mountain;7
1468;7;24;80;land;true;mountain;5
1469;7;24;130;land;false;plains;6
1470;7;24;240;land;false;ocean;0
1471;7;25;248;land;false;ocean;0
1472;7;27;45;land;false;forest;4
1473;7;27;90;land;false;plains;5
1474;7;27;195;land;false;plains;6
1475;7;27;236;land;false;ocean;0
1476;7;28;244;land;false;ocean;0
1477;7;29;232;land;false;ocean;0
1478;7;30;10;land;false;forest;4
1479;7;30;55;land;false;desert;6
1480;7;30;160;land;true;forest;2
1481;7;31;240;land;false;ocean;0
1482;7;32;248;land;true;ocean;0
1483;7;33;20;land;false;mountain;6
1484;7;33;75;land;true;mountain;6
1485;7;33;225;land;false;plains;2
1486;7;33;236;land;false;ocean;0
1487;7;34;244;land;false;ocean;0
1488;7;36;40;land;false;mountain;6
1489;7;36;190;land;false;plains;6
1490;7;37;240;land;false;ocean;0
1491;7;38;248;land;false;ocean;0
1492;7;39;5;land;false;forest;6
1493;7;39;155;land;false;desert;6
1494;7;39;210;land;false;hills;5
1495;7;39;236;land;false;ocean;0
1496;7;40;240;land;false;lands;0
1497;7;42;70;land;false;hills;6
1498;7;42;175;land;false;desert;4
1499;7;42;220;land;false;hills;6
1500;7;45;35;land;true;marsh;2
1501;7;45;140;land;true;forest;4
1502;7;45;185;land;false;plains;6
1503;7;48;0;land;false;forest;2
1504;7;48;150;land;false;plains;6
1505;7;48;205;land;true;mountain;6
1506;7;51;65;land;false;mountain;2
1507;7;51;170;land;false;mountain;6
1508;7;54;30;land;false;forest;6
1509;7;54;85;land;false;desert;5
1510;7;54;135;land;false;forest;6
1511;7;57;50;land;true;forest;4
1512;7;57;95;land;true;plains;6
1513;7;57;200;land;true;plains;3
1514;7;60;15;land;true;plains;4
1515;7;60;60;land;true;plains;6
1516;7;60;165;land;false;forest;5
1517;7;63;25;land;false;desert;6
1518;7;63;80;land;true;jungle;6
1519;7;63;130;land;false;mountain;6
1520;7;66;45;land;false;forest;6
1521;7;66;195;land;false;mountain;7
1522;7;69;10;land;false;hills;6
1523;7;69;160;land;false;plains;2
1524;7;69;215;land;false;hills;3
1525;7;72;75;land;false;mountain;6
1526;7;72;180;land;false;plains;4
1527;7;72;225;land;false;plains;2
1528;7;75;40;land;false;forest;2
1529;7;75;145;land;false;hills;3
1530;7;75;190;land;false;hills;7
1531;7;78;5;land;false;mountain;6
1532;7;78;155;land;false;desert;6
1533;7;78;210;land;false;jungle;6
1534;7;81;70;land;false;plains;2
1535;7;81;175;land;false;plains;6
1536;7;84;35;land;false;plains;7
1537;7;84;90;land;false;mountain;4
1538;7;84;140;land;false;forest;6
1539;7;87;0;land;false;mountain;7
1540;7;87;55;land;true;forest;4
1541;7;87;205;land;false;plains;6
1542;7;90;20;land;false;forest;3
1543;7;90;65;land;false;plains;6
1544;7;90;170;land;false;mountain;7
1545;7;93;30;land;false;forest;6
1546;7;93;85;land;true;mountain;4
1547;7;93;135;land;true;plains;2
1548;7;96;50;land;false;plains;6
1549;7;96;200;land;false;desert;7
1550;7;99;15;land;true;plains;3
1551;7;99;165;land;false;mountain;6
1552;7;99;220;land;false;hills;5
1553;7;102;80;land;false;mountain;6
1554;7;102;130;land;false;desert;6
1555;7;102;185;land;false;plains;3
1556;7;105;45;land;true;forest;2
1557;7;105;150;land;false;forest;4
1558;7;105;195;land;false;forest;6
1559;7;108;10;land;false;plains;2
1560;7;108;160;land;false;hills;2
1561;7;108;215;land;false;mountain;6
1562;7;111;75;land;true;hills;2
1563;7;111;180;land;false;hills;6
1564;7;114;40;land;false;plains;2
1565;7;114;95;land;true;forest;4
1566;7;114;145;land;false;mountain;6
1567;7;117;5;land;false;plains;6
1568;7;117;60;land;false;hills;3
1569;7;117;210;land;false;plains;6
1570;7;120;25;land;false;plains;4
1571;7;120;70;land;false;mountain;6
1572;7;120;175;land;true;forest;2
1573;7;123;35;land;false;desert;6
1574;7;123;90;land;true;jungle;6
1575;7;123;140;land;false;hills;6
1576;7;126;0;land;false;desert;6
1577;7;126;55;land;false;forest;6
1578;7;126;205;land;false;desert;7
1579;7;129;20;land;false;plains;6
1580;7;129;225;land;false;plains;5
1581;7;132;85;land;false;plains;6
1582;7;132;135;land;false;hills;2
1583;7;132;190;land;false;forest;3
1584;7;135;50;land;true;forest;2
1585;7;135;155;land;false;plains;3
1586;7;135;200;land;false;plains;2
1587;7;138;15;land;false;plains;2
1588;7;138;165;land;false;plains;6
1589;7;138;220;land;true;jungle;6
1590;7;141;80;land;false;mountain;6
1591;7;141;130;land;false;urban;6
1592;7;141;185;land;false;forest;6
1593;7;144;45;land;false;desert;6
1594;7;144;150;land;true;plains;3
1595;7;147;10;land;false;plains;2
1596;7;147;65;land;false;plains;3
1597;7;147;215;land;false;plains;6
1598;7;150;30;land;false;hills;3
1599;7;150;75;land;false;urban;7
1600;7;150;180;land;false;desert;7
1601;7;153;40;land;false;mountain;2
1602;7;153;95;land;false;jungle;4
1603;7;153;145;land;false;forest;6
1604;7;156;5;land;false;plains;2
1605;7;156;60;land;false;hills;6
1606;7;156;210;land;false;desert;7
1607;7;159;25;land;false;mountain;6
1608;7;159;175;land;false;plains;6
1609;7;162;90;land;false;plains;6
1610;7;162;140;land;false;hills;7
1611;7;162;195;land;true;mountain;4
1612;7;165;55;land;false;plains;6
1613;7;165;160;land;false;plains;3
1614;7;165;205;land;false;plains;6
1615;7;168;20;land;false;plains;2
1616;7;168;170;land;false;mountain;1
1617;7;168;225;land;false;jungle;4
1618;7;171;85;land;false;hills;2
1619;7;171;135;land;true;forest;2
1620;7;171;190;land;false;forest;6
1621;7;174;50;land;false;forest;2
1622;7;174;155;land;false;mountain;6
1623;7;177;15;land;false;desert;6
1624;7;177;70;land;true;plains;3
1625;7;177;220;land;false;hills;6
1626;7;180;35;land;false;plains;3
1627;7;180;80;land;false;plains;6
1628;7;180;185;land;false;forest;6
1629;7;183;0;land;true;jungle;4
1630;7;183;45;land;false;hills;6
1631;7;183;150;land;false;desert;7
1632;7;186;10;land;false;desert;6
1633;7;186;65;land;true;plains;3
1634;7;186;215;land;false;desert;7
1635;7;189;30;land;true;plains;3
1636;7;189;180;land;false;mountain;7
1637;7;192;95;land;false;forest;6
1638;7;192;145;land;false;mountain;6
1639;7;192;200;land;true;plains;3
1640;7;195;60;land;false;plains;6
1641;7;195;165;land;false;plains;3
1642;7;195;210;land;true;hills;6
1643;7;198;25;land;false;plains;2
1644;7;198;130;land;true;forest;4
1645;7;198;175;land;false;hills;6
1646;7;201;90;land;false;plains;2
1647;7;201;140;land;false;mountain;6
1648;7;201;195;land;true;mountain;6
1649;7;204;55;land;false;desert;6
1650;7;204;160;land;false;forest;6
1651;7;207;20;land;false;mountain;2
1652;7;207;75;land;true;urban;4
1653;7;207;225;land;false;mountain;6
1654;7;210;40;land;false;plains;3
1655;7;210;85;land;false;plains;2
1656;7;210;190;land;false;hills;6
1657;8;0;60;land;false;plains;2
1658;8;0;165;land;false;mountain;2
1659;8;0;210;land;false;marsh;6
1660;8;0;244;land;true;ocean;0
1661;8;2;232;land;true;ocean;0
1662;8;3;25;land;false;plains;6
1663;8;3;130;land;false;desert;2
1664;8;3;175;land;false;forest;6
1665;8;4;240;land;true;ocean;0
1666;8;6;90;land;false;mountain;6
1667;8;6;140;land;false;plains;4
1668;8;6;195;land;false;desert;6
1669;8;6;248;land;false;ocean;0
1670;8;8;236;land;false;ocean;0
1671;8;9;55;land;false;hills;2
1672;8;9;160;land;false;forest;6
1673;8;10;244;land;true;ocean;0
1674;8;12;20;land;false;forest;6
1675;8;12;75;land;false;mountain;6
1676;8;12;225;land;false;mountain;6
1677;8;12;232;land;false;ocean;0
1678;8;15;40;land;false;hills;2
1679;8;15;85;land;false;forest;6
1680;8;15;190;land;false;plains;6
1681;8;15;248;land;true;ocean;0
1682;8;17;236;land;false;ocean;0
1683;8;18;5;land;false;plains;2
1684;8;18;50;land;false;forest;6	################################
1685;8;18;155;land;false;forest;6
1686;8;19;232;land;true;ocean;0
1687;8;20;240;land;true;ocean;0
1688;8;21;15;land;false;mountain;5
1689;8;21;70;land;false;mountain;6
1690;8;21;220;land;false;plains;2
1691;8;22;248;land;false;ocean;0
1692;8;23;236;land;false;ocean;0
1693;8;24;35;land;false;plains;6
1694;8;24;185;land;false;plains;6
1695;8;26;232;land;true;ocean;0
1696;8;27;0;land;false;forest;6
1697;8;27;150;land;false;forest;6
1698;8;27;205;land;false;mountain;6
1699;8;27;240;land;false;ocean;0
1700;8;28;248;land;false;ocean;0
1701;8;29;236;land;true;ocean;0
1702;8;30;65;land;false;forest;6
1703;8;30;170;land;false;mountain;6
1704;8;30;215;land;false;forest;6
1705;8;31;244;land;false;ocean;0
1706;8;32;232;land;false;ocean;0
1707;8;33;30;land;false;forest;6
1708;8;33;135;land;false;mountain;6
1709;8;33;180;land;false;plains;6
1710;8;33;240;land;false;ocean;0
1711;8;34;248;land;false;ocean;0
1712;8;36;95;land;true;plains;2
1713;8;36;145;land;true;forest;4
1714;8;36;200;land;false;hills;6
1715;8;36;236;land;false;ocean;0
1716;8;37;244;land;false;ocean;0
1717;8;38;232;land;false;ocean;0
1718;8;39;60;land;false;forest;6
1719;8;39;165;land;false;plains;2
1720;8;39;240;land;false;ocean;0
1721;8;40;244;land;false;lands;0
1722;8;42;25;land;false;forest;6
1723;8;42;80;land;false;desert;6
1724;8;42;130;land;false;forest;6
1725;8;45;45;land;false;mountain;6
1726;8;45;90;land;false;marsh;6
1727;8;45;195;land;false;forest;6
1728;8;48;10;land;false;mountain;6
1729;8;48;55;land;false;forest;6
1730;8;48;160;land;false;forest;6
1731;8;51;20;land;false;jungle;5
1732;8;51;75;land;false;forest;6
1733;8;51;225;land;false;plains;6
1734;8;54;40;land;false;forest;2
1735;8;54;190;land;false;forest;6
1736;8;57;5;land;false;mountain;2
1737;8;57;155;land;false;forest;2
1738;8;57;210;land;false;plains;2
1739;8;60;70;land;false;forest;6
1740;8;60;175;land;false;mountain;2
1741;8;60;220;land;false;forest;6
1742;8;63;35;land;true;plains;6
1743;8;63;140;land;false;plains;6
1744;8;63;185;land;false;forest;6
1745;8;66;0;land;false;forest;6
1746;8;66;150;land;false;forest;4
1747;8;66;205;land;false;hills;2
1748;8;69;65;land;false;forest;6
1749;8;69;170;land;false;mountain;6
1750;8;72;30;land;false;forest;6
1751;8;72;85;land;true;plains;0
1752;8;72;135;land;false;plains;2
1753;8;75;50;land;false;plains;2
1754;8;75;95;land;false;forest;6
1755;8;75;200;land;true;hills;6
1756;8;78;15;land;false;mountain;2
1757;8;78;60;land;false;marsh;6
1758;8;78;165;land;false;hills;2
1759;8;81;25;land;true;plains;4
1760;8;81;80;land;false;forest;2
1761;8;81;130;land;false;mountain;6
1762;8;84;45;land;false;forest;6
1763;8;84;195;land;false;forest;2
1764;8;87;10;land;false;forest;2
1765;8;87;160;land;false;forest;6	########################
1766;8;87;215;land;false;mountain;6
1767;8;90;75;land;false;plains;2
1768;8;90;225;land;false;forest;6
1769;8;93;40;land;false;forest;2
1770;8;93;145;land;false;hills;2
1771;8;93;190;land;false;forest;6
1772;8;96;5;land;true;forest;6
1773;8;96;155;land;true;plains;4
1774;8;96;210;land;false;mountain;6
1775;8;99;70;land;false;plains;6
1776;8;99;175;land;false;plains;6
1777;8;102;35;land;false;forest;6
1778;8;102;90;land;false;hills;6
1779;8;102;140;land;false;plains;6
1780;8;105;0;land;false;forest;6
1781;8;105;55;land;false;desert;6
1782;8;105;205;land;false;forest;2
1783;8;108;20;land;false;mountain;6
1784;8;108;65;land;false;forest;6
1785;8;108;170;land;false;plains;2
1786;8;111;30;land;false;mountain;4
1787;8;111;85;land;false;desert;6
1788;8;111;135;land;false;plains;2
1789;8;114;50;land;false;mountain;2
1790;8;114;200;land;false;plains;6
1791;8;117;15;land;false;forest;6
1792;8;117;165;land;false;forest;6
1793;8;117;220;land;false;mountain;2
1794;8;120;80;land;false;plains;6
1795;8;120;130;land;false;forest;6 ##############################
1796;8;120;185;land;false;desert;6
1797;8;123;45;land;false;plains;6
1798;8;123;150;land;false;plains;6
1799;8;123;195;land;true;mountain;2
1800;8;126;10;land;false;plains;6
1801;8;126;160;land;true;forest;4
1802;8;126;215;land;false;forest;6
1803;8;129;75;land;false;forest;6
1804;8;129;180;land;false;plains;2
1805;8;132;40;land;false;forest;6
1806;8;132;95;land;false;hills;2
1807;8;132;145;land;false;forest;6
1808;8;135;5;land;false;forest;6
1809;8;135;60;land;false;plains;2
1810;8;135;210;land;false;forest;6
1811;8;138;25;land;false;plains;6
1812;8;138;70;land;false;marsh;6
1813;8;138;175;land;false;forest;6
1814;8;141;35;land;true;forest;4
1815;8;141;90;land;false;desert;2
1816;8;141;140;land;false;forest;6
1817;8;144;0;land;false;forest;5
1818;8;144;55;land;false;hills;6
1819;8;144;205;land;false;plains;6
1820;8;147;20;land;true;hills;6
1821;8;147;170;land;false;urban;6
1822;8;147;225;land;false;mountain;7
1823;8;150;85;land;true;plains;6
1824;8;150;135;land;false;forest;6
1825;8;150;190;land;false;desert;6
1826;8;153;50;land;false;forest;6
1827;8;153;155;land;false;mountain;2
1828;8;153;200;land;false;forest;6
1829;8;156;15;land;false;forest;6
1830;8;156;165;land;true;forest;2
1831;8;156;220;land;false;hills;2
1832;8;159;80;land;false;hills;2
1833;8;159;130;land;true;mountain;5
1834;8;159;185;land;false;forest;6
1835;8;162;45;land;false;forest;6
1836;8;162;150;land;false;plains;2
1837;8;165;10;land;false;forest;6
1838;8;165;65;land;false;hills;6
1839;8;165;215;land;true;forest;6
1840;8;168;30;land;false;mountain;6
1841;8;168;75;land;false;forest;6
1842;8;168;180;land;false;mountain;6
1843;8;171;40;land;true;marsh;2
1844;8;171;95;land;false;mountain;6
1845;8;171;145;land;false;forest;6
1846;8;174;5;land;false;mountain;5
1847;8;174;60;land;false;forest;6
1848;8;174;210;land;false;plains;2
1849;8;177;25;land;false;forest;2
1850;8;177;175;land;false;forest;6
1851;8;180;90;land;false;plains;2
1852;8;180;140;land;false;forest;6
1853;8;180;195;land;false;desert;6
1854;8;183;55;land;false;mountain;2
1855;8;183;160;land;false;mountain;6
1856;8;183;205;land;false;marsh;6
1857;8;186;20;land;false;plains;2
1858;8;186;170;land;false;mountain;2
1859;8;186;225;land;false;plains;6
1860;8;189;85;land;false;plains;6
1861;8;189;135;land;false;mountain;4
1862;8;189;190;land;false;desert;2
1863;8;192;50;land;true;mountain;6
1864;8;192;155;land;false;hills;6
1865;8;195;15;land;true;mountain;6
1866;8;195;70;land;false;plains;2
1867;8;195;220;land;false;hills;2
1868;8;198;35;land;false;hills;6
1869;8;198;80;land;true;plains;2
1870;8;198;185;land;false;plains;2
1871;8;201;0;land;false;plains;6
1872;8;201;45;land;false;mountain;2
1873;8;201;150;land;false;forest;2
1874;8;204;10;land;false;forest;5
1875;8;204;65;land;false;plains;2
1876;8;204;215;land;false;forest;6
1877;8;207;30;land;false;hills;6
1878;8;207;180;land;false;forest;6
1879;8;210;95;land;false;plains;6
1880;8;210;145;land;false;plains;6
1881;8;210;200;land;false;plains;2
1882;9;0;15;land;false;desert;6
1883;9;0;70;land;false;plains;5
1884;9;0;220;land;false;hills;6
1885;9;0;248;land;true;ocean;0
1886;9;2;236;land;true;ocean;0
1887;9;3;35;land;false;plains;3
1888;9;3;80;land;false;mountain;7
1889;9;3;185;land;true;mountain;7
1890;9;4;244;land;true;ocean;0
1891;9;6;0;land;false;plains;5
1892;9;6;45;land;true;mountain;2
1893;9;6;150;land;false;mountain;6
1894;9;6;232;land;false;ocean;0
1895;9;8;240;land;false;ocean;0
1896;9;9;10;land;false;urban;7
1897;9;9;65;land;false;desert;5
1898;9;9;215;land;false;mountain;6
1899;9;10;248;land;true;ocean;0		#################################